"DESCRIPTION","DURATION IN MS","NAME","PARENT SUITE","START TIME","STATUS","STOP TIME","SUB SUITE","SUITE","TEST CLASS","TEST METHOD"
"","4352","When I click on Login button","","Thu Sep 26 17:08:35 CEST 2024","passed","Thu Sep 26 17:08:39 CEST 2024","","login to BP: Temporarly locked out account","",""
"","4470","Given I land od login page BP","","Thu Sep 26 17:08:27 CEST 2024","passed","Thu Sep 26 17:08:32 CEST 2024","","login to BP: Temporarly locked out account","",""
"","399","When I land od login page BP","","Thu Sep 26 17:08:34 CEST 2024","passed","Thu Sep 26 17:08:34 CEST 2024","","login to BP: Temporarly locked out account","",""
"","3814","Then Call API to unlock the user","","Thu Sep 26 17:08:35 CEST 2024","passed","Thu Sep 26 17:08:39 CEST 2024","","login to BP: Temporarly locked out account","",""
"","1","hook:","","Thu Sep 26 17:08:39 CEST 2024","failed","Thu Sep 26 17:08:39 CEST 2024","","","",""
"","5924","And I enter somePass password","","Thu Sep 26 17:08:33 CEST 2024","passed","Thu Sep 26 17:08:39 CEST 2024","","login to BP: Temporarly locked out account","",""
"","4539","When I enter password for temporarly lock out","","Thu Sep 26 17:08:35 CEST 2024","passed","Thu Sep 26 17:08:39 CEST 2024","","login to BP: Temporarly locked out account","",""
"","4789","When I enter email for temporarly lock out","","Thu Sep 26 17:08:34 CEST 2024","passed","Thu Sep 26 17:08:39 CEST 2024","","login to BP: Temporarly locked out account","",""
"","3875","Then Incorrect login Temporarily Locked Out. Try again later. is shown","","Thu Sep 26 17:08:35 CEST 2024","passed","Thu Sep 26 17:08:39 CEST 2024","","login to BP: Temporarly locked out account","",""
"","12","Then Temporarly locked out message Incorrect Login and Temporarily Locked Out. Try again later. is shown","","Thu Sep 26 17:08:34 CEST 2024","passed","Thu Sep 26 17:08:34 CEST 2024","","login to BP: Temporarly locked out account","",""
